2121routing number,US-BOA,PAYMENTSACCOUNTNUMBER,Bank account 1,Mary M Holiday,,,,
,7/4/2020,1/1/2027,,{AEF32A14-7D7C-4C72-9308-DC350EB224F9},K7166really long drivers license #,,NO_TYPE,US-0-NJ
,{AEF32A14-7D7C-4C72-9308-DC350EB224F9},,NO_TYPE,,111-48-1111,,,
marys address,,118 Stony Brook ROad,Branchburg,8876,New Jersey,us,,
maryhoiday456@gmail.om,,,,,,,,
Mickey Mouse,,mickey@disney.com,1-Aug-40,,,,,
Mary M Holiday,born in Mineola,maryholiday456@gmail.com,20-Nov-63,,,,,
Cell,9995551212,Phone,1,,,,,
,isagenix.com,magsK123,,,Freedom1,,,
,doterra.com,3984284,,,Margysmiles1,,,
,homedepot.com,,margyk123@yahoo.com,,robby123,,,
,yahoo.com,,margyk123@yahoo.com,,,,,
,dropbox.com,,mkramer@zetetic.net,,,,,
,slack.com,,mkramer@zetetic.net,,,,,
,lifeway.com,,margyk123@yahoo.com,,margy123,,,
,google.com,,mkramer@zetetic.net,,,,,
1password.com,1password.com,,maryholiday456@gmail.com,,z1z2z3z4z5,,,
,live.com,,margyk123@yahoo.com,,,,,
,lego.com,margy123,,,robby123,,,
